{
    "type": "minecraft:crafting_shaped",
    "pattern": [
        "## ",
        "iBn",
        " LO"
    ],
    "key": {
        "#": {
            "item": "minecraft:iron_trapdoor"
        },
        "i": {
            "item": "minecraft:iron_ingot"
        },
        "B": {
            "item": "minecraft:blaze_powder"
        },
        "n": {
            "item": "minecraft:netherite_ingot"
        },
        "L": {
            "item": "minecraft:lever"
        },
        "O": {
            "tag": "minecraft:logs"
        }
    },
    "result": {
        "item": "minecraft:chest",
        "count": 1
    }
}