{
    "type": "generic",
    "pools": [
        {
            "rolls": 1,
            "entries": [
                {
                    "type": "item",
                    "name": "debug_stick",
                    "functions": [
                        {
                            "function": "set_lore",
                            "entity": "this",
                            "lore": [
                                [
                                    {
                                        "nbt": "Lore[0]",
                                        "storage": "chuz:context",
                                        "interpret": true
                                    }
                                ]
                            ]
                        }
                    ]
                }
            ]
        }
    ]
}